{
  "sim_runs": 66,
  "dist_runs": 47,
  "sim_total_txs": 13074,
  "dist_total_txs": 9224,
  "sim_mean_convergence": 0.96212524121182,
  "dist_mean_convergence": 0.9659592670063358,
  "sim_mean_L": 8.413808080808082,
  "dist_mean_L": 8.350834853090172,
  "sim_alpha_L": {
    "0.001": 4.588,
    "0.01": 3.992,
    "0.1": 4.992,
    "0.5": 12.492,
    "1.0": 16.759999999999998,
    "2.0": 32.1,
    "5.0": 36.016000000000005
  },
  "dist_alpha_L": {
    "0.001": 4.0280000000000005,
    "0.01": 3.7,
    "0.1": 4.0,
    "0.5": 10.168,
    "1.0": 19.8,
    "2.0": 25.124000000000002
  }
}